musicid,title
24894,1
24895,6
24896,7
24897,8
24898,9
24899,10
24900,11
24901,12
24902,14
24903,15
24904,16
24905,17
24906,18
24907,19
24908,20
24909,21
24910,22
24911,23
24912,24
24913,25
24914,26
24915,27
24916,29
24917,32
24918,35
24919,36
24920,37
24921,38
24922,39
24923,40
24924,41
24925,43
24926,44
24927,45
24928,46
24929,47
24930,50
24931,52
24932,53
24933,54
24934,56
24935,57
24936,58
24937,59
24938,60
24939,61
24940,62
24941,63
24942,64
24943,65
24944,66
24945,67
24946,68
24947,69
24948,70
24949,71
24950,72
24951,73
24952,74
24953,75
24954,76
24955,78
24956,100
24957,105
24958,108
24959,112
24960,113
24961,114
24962,122
24963,123
24964,124
24965,131
24966,135
24967,299
24968,300
24969,301
24970,302
24971,303
24972,304
24973,306
24974,307
24975,308
24976,309
24977,310
24978,311
24979,312
24980,313
24981,314
24982,315
24983,316
24984,317
24985,318
24986,319
24987,320
24988,321
24989,322
24990,323
24991,324
24992,325
24993,326
24994,327
24995,328
24996,329
24997,330
24998,331
24999,1135
25000,1299
25001,1301
25002,1302
25003,1304
25004,1306
25005,1307
25006,1309
25007,1314
25008,1315
25009,1316
25010,1319
25011,1322
25012,1324
25039,cloudsdream-mix1
25040,cloudsdream-mix2
25041,cloudsdream-mix3
